"id","user_id","employee_id","full_name","nickname","phone_number","created_at"
1,62,"6601135",นายนันทพงศ์ สีเหนือน,นาย,"092-338-2254","2026-01-08 17:38:18"
2,73,"6701067",นายณรงค์ชัย หอมวิไชย,บอส,"063-473-6036","2026-01-08 17:38:18"
3,45,"6201090",นายภาณุพงศ์ รอดพันธุ์,เฟียต,"062-375-8627","2026-01-08 17:38:18"
4,55,"6401280",นายณัฐวุฒิ นาคสมบัติ,กะทิ,"083-610-0496","2026-01-08 17:38:18"
5,29,"4801001",นายอดิศร แดงพิพัฒน์,เปียก,"081-658-1698","2026-01-08 17:38:18"
6,67,"6701020",นายอาทิตย์ อุดม,เจ,"062-561-2188","2026-01-08 17:38:18"
7,70,"6701055",นายสุรวุท หอมขจร,วี,"080-612-9368","2026-01-08 17:38:18"
8,44,"6002005",นายสมหมาย บุญทวี,เต้ย,"085-354-3105","2026-01-08 17:38:18"
9,69,"6701048",นายทนงศักดิ์ ติดรัก,เดียว,"093-595-6337","2026-01-08 17:38:18"
10,72,"6701065",นายกฤษณะ มานะศรี,ใจ,"061-161-3164","2026-01-08 17:38:18"
11,74,"6702018",นายพงศ์เทพ สว่างวงศ์,เทพ,"095-610-2118","2026-01-08 17:38:18"
12,50,"6301013",นายสมชาติ สนสาน,สิงห์,"083-155-3089","2026-01-08 17:38:18"
13,54,"6401111",นายณัฐวุฒิ จันทร์กระจ่าง,เต้ย,"080-682-0378","2026-01-08 17:38:18"
14,59,"6601006",นายวุฒิเดช เลิศไธสง,นิล,"095-624-3468","2026-01-08 17:38:18"
15,56,"6501016",นายพูนวัตน์ วชิรเศรษฐบวร,โอ้,"090-953-5926","2026-01-08 17:38:18"
16,53,"6401056",นายพลธง หงษ์ทอง,ตุ้ม,"085-576-8717","2026-01-08 17:38:18"
17,52,"6301204",นายสุวิทย์ เกษมวรคุณ,วิท,"065-242-4505","2026-01-08 17:38:18"
18,37,"5701002",นายโยธิน นิลโนรี,โชย,"087-008-4355","2026-01-08 17:38:18"
19,40,"5801066",นายวรายภูมิ เวชภิรมย์,ภูมิ,"087-156-1840","2026-01-08 17:38:18"
20,75,"6703001",นายวรายุทธ ดิสม,ยุทธ,"088-725-3393","2026-01-08 17:38:18"
21,64,"6602059",นายกิตติศักดิ์ วิมุขตายตน์,บอย,"085-014-4424","2026-01-08 17:38:18"
22,33,"5401001",นายมานิตย์ เชิญบุบผา,กลิ้ง,"097-138-2310","2026-01-08 17:38:18"
23,43,"6002003",นายเอกชัย พลเมืองดี,เอก,"088-723-9427","2026-01-08 17:38:18"
24,57,"6501023",นายนิคม พงษ์พีระ,ดาส,"098-957-9161","2026-01-08 17:38:18"
25,80,"6805007",นายมนัส เจริญศิลป์,เล็ก,"092-597-4991","2026-01-08 17:38:18"
26,66,"6605086",นายยุทธภูมิ วันกิ่ง,เจมส์,"090-429-1780","2026-01-08 17:38:18"
27,36,"5601006",นายอรกฤต มีโพธิ์งาม,โหน่ง,"088-995-0128","2026-01-08 17:38:18"
28,34,"5501008",นายสงคราม ชาดา,คราม,"081-771-3507","2026-01-08 17:38:18"
29,47,"6202011",นายเดชา ป้อมถาวร,เด,"084-095-9131","2026-01-08 17:38:18"
30,77,"6705050",นายณัฏฐ์ชพัชร์ เวรวิจิตร,ต๊ะ,"083-497-4308","2026-01-08 17:38:18"
31,49,"6203267",นายหมาย คงเทียมศรี,นาย,"061-652-9772","2026-01-08 17:38:18"
32,38,"5701020",นายอนุ แดงลอย,นุ,"063-030-3348","2026-01-08 17:38:18"
33,35,"5501024",นายจักรกฤษณ์ น้อยบุญชู,เจี๊ยบ,"086-772-1299","2026-01-08 17:38:18"
34,46,"6201110",นายศิริชัย สุมาลี,แป๊ะ,"087-668-3485","2026-01-08 17:38:18"
35,39,"5701027",นายชาญชัย ทองเกิด,แจ๊ค,"099-351-2765","2026-01-08 17:38:18"
36,85,ซับ,นายวศิน จำเนียรหล้า,โม,"096-274-6357","2026-01-08 17:38:18"
37,41,"5801074",นายอรรถ บุดวงษ์,อรรถ,"061-352-3086","2026-01-08 17:38:18"
38,31,"5101001",กระแสชาติ เอ่ยมุกดา,ชาติ,"093-970-5447","2026-01-08 17:38:18"
39,51,"6301169",นายสมศักดิ์ ยอดไธสง,เป้,"084-124-6990","2026-01-08 17:38:18"
40,30,"5001004",นายอุไร พลเดช,ไว,"081-821-4514","2026-01-08 17:38:18"
41,61,"6601124",นายอานนท์ เสือขำ,เบนซ์,"097-243-6496","2026-01-08 17:38:18"
42,32,"5101005",นายนัฐพงศ์ สุขอุบล,นัท,"090-399-2316","2026-01-08 17:38:18"
43,42,"6001180",นายชิรวิทย์ อาจารสุทธิ์,กล้า,"098-393-3249","2026-01-08 17:38:18"
44,82,Supplier_1,นายนัฐพล สังข์นาค,โค้ด,"096-153-4341","2026-01-08 17:38:18"
45,83,Supplier_2,นายธงชัย แซ่ซ้อย,ตาส,"095-763-8760","2026-01-08 17:38:18"
46,81,"6807018",นายวิรัตน์ สุขเจริญ,ปุก,"065-750-9332","2026-01-08 17:38:18"
47,76,"6703020",นายชาญณรงค์ ปุณราช,เบียร์,"098-885-6437","2026-01-08 17:38:18"
48,84,Supplier_3,ศักดิ์สิทธิ์ ทองลา,เกมส์,"095-243-4772","2026-01-08 17:38:18"
49,79,"6801016",พรชัย พลรัตน์,โอ,"083-847-8808","2026-01-08 17:38:18"
50,78,"6801009",นายศระวุธ จับจำนงค์,ต่อ,"061-750-5590","2026-01-08 17:38:18"
51,68,"6701036",นายสุวัฒน์ น่วมเอิ่ม,วัฒ,"082-339-7332","2026-01-08 17:38:18"
52,71,"6701064",นายชูศักดิ์ ศักดิ์สุภาพ,บอย,"097-057-1366","2026-01-08 17:38:18"
53,63,"6601137",นายนับทวัฒน์ เพ็ชรดี,น็อต,"095-504-3630","2026-01-08 17:38:18"
54,58,"6503050",นายพงษ์นที ท้าวศิริกุล,แจ๊ค,"099-567-2749","2026-01-08 17:38:18"
55,65,"6603037",นายรุ่งอรุณ คำไชยโย,ดำ,"080-881-0908","2026-01-08 17:38:18"
56,60,"6601020",นายชนะชล ชัยศรีรัมย์,ปู,"092-661-3859","2026-01-08 17:38:18"
57,48,"6203008",นายสุรสันต์ โกดใบ,นิว,"084-920-0165","2026-01-08 17:38:18"
58,86,user01,User01 PCS,,,"2026-01-13 14:39:25"
59,4,anucha,Anucha Urapen,,,"2026-01-13 14:56:57"
60,87,man,man,,,"2026-01-13 15:18:22"
61,88,sittichocke,sittichocke,,,"2026-01-14 14:05:20"
62,89,mechanic1,นายช่าง1,,,"2026-02-20 16:11:14"
63,14,supoj,Supoj,,,"2026-03-04 11:14:16"
64,90,sittichoke,Sittichoke,,,"2026-03-04 16:07:53"
65,94,"6901039",นายรชานนท์ แตงแก้ว,,,"2026-03-16 08:35:42"
66,95,"6203006",ทนาย ดงเทียมศรี,,,"2026-03-16 08:40:44"
67,96,"534341",ณัฐพล สังข์นาค,,,"2026-03-18 16:15:27"
68,97,"601882",ยุทธนา ทิวถนอม,,,"2026-03-18 16:15:46"
69,98,"882668",อดิศร ปั่นสมตน,,,"2026-03-18 16:16:03"
70,99,"521782",กล้าณรงณ์  ตามเมืองปัก,,,"2026-03-18 16:16:18"
71,100,"283084",รุจจิโรจน์ 	ภู่ระหงษ์,,,"2026-03-18 16:18:05"
72,101,"285455",องอาจ พงษ์วิรัช,,,"2026-03-18 16:18:23"
73,102,"405422",จักรกริช ยางนอก,,,"2026-03-18 16:18:46"
74,103,"211231",อิศรา อาคำ,,,"2026-03-18 16:19:09"
75,104,"898013",สมาน  สมานมิตร,,,"2026-03-18 16:19:33"
76,105,"746357",วศิน	 จำเนียรหล้า,,,"2026-03-18 16:20:43"
77,106,"6801099",สิทธิศักดิ์ ควายอุ่น,,,"2026-03-19 14:39:52"
112,153,"6901057",คนขับรถ 6901057,,,"2026-05-23 11:53:12"
113,159,"6905024",คนขับรถ 6905024,,,"2026-06-12 05:21:22"
114,160,"6905025",คนขับรถ 6905025,,,"2026-06-12 06:30:51"
115,161,"6905026",คนขับรถ 6905026,,,"2026-06-12 08:54:40"
116,158,"6901071",คนขับรถ 6901071,,,"2026-06-12 13:06:41"
117,167,"6901059",คนขับรถ 6901059,,,"2026-07-30 12:52:11"
