"id","brand","vehicle_code","site","license_plate","vehicle_type","wheel_count","engine_type","current_mileage","created_at"
2,"","106",PCS,"70-2581","10_wheel",10,,0,"2026-01-08 11:52:01"
3,"","107",PCS,"70-2582","10_wheel",10,,0,"2026-01-08 11:52:01"
4,"","108",PCS,"70-2585","10_wheel",10,,0,"2026-01-08 11:52:01"
5,"","109",PCS,"70-2576","10_wheel",10,,0,"2026-01-08 11:52:01"
6,"","110",PCS,"70-2878","10_wheel",10,,0,"2026-01-08 11:52:01"
7,"","111",PCS,"70-2906","10_wheel",10,,0,"2026-01-08 11:52:01"
8,"","112",PCS,"70-2982","10_wheel",10,,0,"2026-01-08 11:52:01"
9,"","113",PCS,"70-4653","10_wheel",10,,0,"2026-01-08 11:52:01"
10,"","114",PACJ,"70-5673","10_wheel",10,,0,"2026-01-08 11:52:01"
11,"","115",PCS,"70-5842","10_wheel",10,,0,"2026-01-08 11:52:01"
12,"",C1,PCS,"70-3133","10_wheel",10,,0,"2026-01-08 11:52:01"
13,"",C3,PCS,"70-3134","10_wheel",10,,0,"2026-01-08 11:52:01"
14,"",C4,PCS,"70-5575","10_wheel",10,,0,"2026-01-08 11:52:01"
15,"",N16,PACJ,"70-6993","10_wheel",10,,0,"2026-01-08 11:52:01"
16,"",N17,PACJ,"70-6994","10_wheel",10,,0,"2026-01-08 11:52:01"
17,"",N18,PCS,"70-7295","10_wheel",10,,0,"2026-01-08 11:52:01"
18,"",N19,PCS,"70-7296","10_wheel",10,,0,"2026-01-08 11:52:01"
19,"",N20,PCS,"70-7703","10_wheel",10,,0,"2026-01-08 11:52:01"
20,"",N21,PCS,"70-7704","10_wheel",10,,0,"2026-01-08 11:52:01"
21,"",N22,PCS,"70-8332","10_wheel",10,,0,"2026-01-08 11:52:01"
22,"",N23,PCS,"70-8334","10_wheel",10,,0,"2026-01-08 11:52:01"
23,"",N24,PCS,"70-8779","10_wheel",10,,0,"2026-01-08 11:52:01"
24,"",N25,PACK,"70-8780","10_wheel",10,,0,"2026-01-08 11:52:01"
25,"",N26,PACJ,"71-0077","10_wheel",10,,0,"2026-01-08 11:52:01"
26,"",N27,PCS,"71-0078","10_wheel",10,,0,"2026-01-08 11:52:01"
27,"",N28,PACJ,"71-0236","10_wheel",10,,0,"2026-01-08 11:52:01"
28,"",N29,PCS,"71-0621","10_wheel",10,,0,"2026-01-08 11:52:01"
29,"",N30,PACS,"71-0622","10_wheel",10,,0,"2026-01-08 11:52:01"
30,"",N31,PACS,"71-0900","10_wheel",10,,0,"2026-01-08 11:52:01"
31,"",N32,PCS,"71-0901","10_wheel",10,,0,"2026-01-08 11:52:01"
32,"",N33,PCS,"71-0902","10_wheel",10,,0,"2026-01-08 11:52:01"
33,"",N34,PACJ,"71-1425","10_wheel",10,,0,"2026-01-08 11:52:01"
34,"",N35,PACS,"71-1426","10_wheel",10,,0,"2026-01-08 11:52:01"
35,"",N36,PACK,"71-1427","10_wheel",10,,0,"2026-01-08 11:52:01"
36,"",N37,PCS,"71-1462","10_wheel",10,,0,"2026-01-08 11:52:01"
37,"",N38,PCS,"71-1463","10_wheel",10,,0,"2026-01-08 11:52:01"
38,"",N39,PCS,"71-1464","10_wheel",10,,0,"2026-01-08 11:52:01"
39,"",N40,PCS,"71-1465","10_wheel",10,,0,"2026-01-08 11:52:01"
40,"",N41,PACR,"71-1537","10_wheel",10,,0,"2026-01-08 11:52:01"
41,"",N42,PCS,"71-1538","10_wheel",10,,0,"2026-01-08 11:52:01"
42,"",N43,PCS,"71-1582","10_wheel",10,,0,"2026-01-08 11:52:01"
43,,"601",PCS,"70-4289","6_wheel",6,,0,"2026-01-08 11:52:01"
44,,"602",PCS,"70-6356","6_wheel",6,,0,"2026-01-08 11:52:01"
45,,"603",PCS,"70-6390","6_wheel",6,,0,"2026-01-08 11:52:01"
46,,"605",PCS,"70-8333","6_wheel",6,,0,"2026-01-08 11:52:01"
47,,"607",PCS,"71-0237","6_wheel",6,,0,"2026-01-08 11:52:01"
48,,"208",PCS,ณ-8888,"4_wheel",4,,0,"2026-01-08 11:52:01"
49,,"210",PCS,"1ฒภ-305","4_wheel",4,,0,"2026-01-08 11:52:01"
50,,"209",PACK,"1ฒภ-306","4_wheel",4,,0,"2026-01-08 11:52:01"
51,,"214",PACK,"2ฒง-6932","4_wheel",4,,0,"2026-01-08 11:52:01"
52,,"215",PCS,"2ฒง-6987","4_wheel",4,,0,"2026-01-08 11:52:01"
53,,"216",PCS,"2ฒญ-4896","4_wheel",4,,0,"2026-01-08 11:52:01"
54,,"217",PCS,"2ฒญ-4897","4_wheel",4,,0,"2026-01-08 11:52:01"
55,,"218",PCS,"3ฒฐ-5512","4_wheel",4,,0,"2026-01-08 11:52:01"
56,,"219",PCS,"3ฒฐ-5514","4_wheel",4,,0,"2026-01-08 11:52:01"
57,,"220",PCS,"3ฒน-313","4_wheel",4,,0,"2026-01-08 11:52:01"
58,,"221",PACK,"3ฒน-304","4_wheel",4,,0,"2026-01-08 11:52:01"
59,,"222",PACK,"3ฒน-305","4_wheel",4,,0,"2026-01-08 11:52:01"
60,,"223",PCS,"4ฒข8861","4_wheel",4,,0,"2026-01-08 11:52:01"
61,,"224",PACK,"4ฒข8857","4_wheel",4,,0,"2026-01-08 11:52:01"
62,ISUZU,N50,"","64-5206","18_wheel",18,,0,"2026-06-15 15:04:59"
63,ISUZU,N51,"","64-5207","18_wheel",18,,0,"2026-06-15 15:05:43"
