"id","vendor_name","specialties","vendor_type","contact_name","phone","address","status","created_at","updated_at"
1,มหาชัยกลการ 4W,"เครื่องยนต์, ช่วงล่าง, ระบบไฟ",BOTH,,,,active,"2026-03-17 23:05:30","2026-03-17 23:05:30"
2,HINO,"เครื่องยนต์, ช่วงล่าง, ระบบไฟ",BOTH,,,,active,"2026-03-17 23:05:30","2026-03-17 23:05:30"
3,IZUZU 4W,"เครื่องยนต์, ช่วงล่าง, ระบบไฟ",BOTH,,,,active,"2026-03-17 23:05:30","2026-03-17 23:05:30"
4,ศักดิ์ชัย,ระบบไฟ,BOTH,,,,active,"2026-03-17 23:05:30","2026-03-17 23:05:30"
5,สยามทัก,"เครื่องยนต์, ช่วงล่าง, ตู้",BOTH,,,,active,"2026-03-17 23:05:30","2026-03-17 23:05:30"
7,โชค,"ช่วงล่าง, ตู้",BOTH,,,,active,"2026-03-17 23:05:30","2026-03-17 23:05:30"
8,อู่เพื่อนยนต์,ช่วงล่าง,BOTH,,,,active,"2026-03-17 23:05:30","2026-03-17 23:05:30"
9,PS AUTO,แอร์ฟรีส,BOTH,,,,active,"2026-03-17 23:05:30","2026-03-17 23:05:30"
10,Fruehauf,"ตู้, แอร์ฟรีส",BOTH,,,,active,"2026-03-17 23:05:30","2026-03-17 23:05:30"
11,Carrier,"ตู้, แอร์ฟรีส",BOTH,,,,active,"2026-03-17 23:05:30","2026-03-17 23:05:30"
12,ออดิโอ,"แอร์หัวเก๋ง, ฟิล์ม",BOTH,,,,active,"2026-03-17 23:05:30","2026-03-17 23:05:30"
13,รุจโอราฬ,ตู้,BOTH,,,,active,"2026-03-17 23:05:30","2026-03-17 23:05:30"
14,MTR,ซ่อม Forklift,FORKLIFT,"","","",active,"2026-04-02 13:18:39","2026-04-02 13:18:39"
57,เกษมสวัสดิ์ ไดนาโม,"แอร์หัวเก๋ง,ระบบไฟ",TRUCK,"","","",active,"2026-04-27 09:45:23","2026-04-27 09:45:23"
58,แสงโชติชัย,"ยาง,ช่วงล่าง",TRUCK,"","","",active,"2026-04-27 09:45:23","2026-04-27 09:45:23"
59,โชคทองพูลเจริญการเบาะ,เบาะ,TRUCK,"","","",active,"2026-04-27 09:45:23","2026-04-27 09:45:23"
60,โชคมหาชัยการาจ,"เครื่องยนต์,เครื่องยนต์แอร์",TRUCK,"","","",active,"2026-04-27 09:45:23","2026-04-27 09:45:23"
61,ชัยโชติรวมยาง,"ยาง,ช่วงล่าง",TRUCK,"","","",active,"2026-04-27 09:45:23","2026-04-27 09:45:23"
62,ชัยรัชการ ฉะเชิงเทรา HINO,เครื่องยนต์,TRUCK,"","","",active,"2026-04-27 09:45:23","2026-04-27 09:45:23"
63,ชัยรัชการ(เมืองใหม่) HINO,เครื่องยนต์,TRUCK,"","","",active,"2026-04-27 09:45:23","2026-04-27 09:45:23"
64,ชัยรัชกิจ  สมุทรสงคราม HINO,เครื่องยนต์,TRUCK,"","","",active,"2026-04-27 09:45:23","2026-04-27 09:45:23"
65,นีโอคูล,เครื่องยนต์แอร์,TRUCK,"","","",active,"2026-04-27 09:45:23","2026-04-27 09:45:23"
66,บ.อาร์ซีซี เอเชีย จำกัด,เครื่องยนต์แอร์,TRUCK,"","","",active,"2026-04-27 09:45:23","2026-04-27 09:45:23"
67,บจก.เอเชี่ยน รีฟรี(Carrier),เครื่องยนต์แอร์,TRUCK,"","","",active,"2026-04-27 09:45:23","2026-04-27 09:45:23"
68,บจก.ชัยรัชการ (กรุงเทพ)HINO,เครื่องยนต์,TRUCK,"","","",active,"2026-04-27 09:45:23","2026-04-27 09:45:23"
69,บริษัท เอส.พี.ภัทร อินเตอร์ ทรัค จำกัด,ตู้,TRUCK,"","","",active,"2026-04-27 09:45:23","2026-04-27 09:45:23"
70,บริษัท ไทยฮีโน่ อยุธยา จำกัด HINO,เครื่องยนต์,TRUCK,"","","",active,"2026-04-27 09:45:23","2026-04-27 09:45:23"
71,บริษัท ไทร์มาร์ท แอทแวนเทจ ทวีสิน จำกัด,ยาง,TRUCK,"","","",active,"2026-04-27 09:45:23","2026-04-27 09:45:23"
72,บริษัท พรีเมี่ยม เซอร์วิส (ประเทศไทย)จำกัด,ช่วงล่าง,TRUCK,"","","",active,"2026-04-27 09:45:23","2026-04-27 09:45:23"
73,บริษัท พีเอส ออโต้ คูล จำกัด,เครื่องยนต์แอร์,TRUCK,"","","",active,"2026-04-27 09:45:23","2026-04-27 09:45:23"
74,บริษัท พีเอส ออโต้ จำกัด,เครื่องยนต์แอร์,TRUCK,"","","",active,"2026-04-27 09:45:23","2026-04-27 09:45:23"
75,บริษัท มิกซ์แอร์ ซัพพลาย จำกัด,เครื่องยนต์แอร์,TRUCK,"","","",active,"2026-04-27 09:45:23","2026-04-27 09:45:23"
76,บริษัท สหมณฑล DENSO,เครื่องยนต์แอร์,TRUCK,"","","",active,"2026-04-27 09:45:23","2026-04-27 09:45:23"
77,บริษัท สุวรรณภูมิ ออโตเทค จำกัด,"เครื่องยนต์แอร์,เครื่องยนต์",TRUCK,"","","",active,"2026-04-27 09:45:23","2026-04-27 09:45:23"
78,บริษัท อีซูซุกรุงเทพบริการ จำกัด,เครื่องยนต์แอร์,TRUCK,"","","",active,"2026-04-27 09:45:23","2026-04-27 09:45:23"
79,บริษัทพีวายออโต้ เซอร์วิส(เพื่อนยนต์),"เครื่องยนต์,ช่วงล่าง",TRUCK,"","","",active,"2026-04-27 09:45:23","2026-04-27 09:45:23"
80,บุญลักษณ์การช่าง,เครื่องยนต์แอร์,TRUCK,"","","",active,"2026-04-27 09:45:23","2026-04-27 09:45:23"
81,ผดุงศักดิ์ การช่าง,"เครื่องยนต์แอร์,เครื่องยนต์",TRUCK,"","","",active,"2026-04-27 09:45:23","2026-04-27 09:45:23"
82,พีเอสแม็ก จำกัด,"เครื่องยนต์แอร์,เครื่องยนต์",TRUCK,"","","",active,"2026-04-27 09:45:23","2026-04-27 09:45:23"
83,ฟรูฮาฟ มหาจักร,ตู้,TRUCK,"","","",active,"2026-04-27 09:45:23","2026-04-27 09:45:23"
84,รุจโอฬาร,"เครื่องยนต์แอร์,ตู้",TRUCK,"","","",active,"2026-04-27 09:45:23","2026-04-27 09:45:23"
85,ศรีอุดรหม้อน้ำ,"เครื่องยนต์แอร์,เครื่องยนต์",TRUCK,"","","",active,"2026-04-27 09:45:23","2026-04-27 09:45:23"
86,ศักดิ์ชัยมอเตอร์,ระบบไฟ,TRUCK,"","","",active,"2026-04-27 09:45:23","2026-04-27 09:45:23"
87,ศูนย์แหนบ พระราม2,ช่วงล่าง,TRUCK,"","","",active,"2026-04-27 09:45:23","2026-04-27 09:45:23"
88,สุชาติ การช่าง,"เครื่องยนต์แอร์,เครื่องยนต์",TRUCK,"","","",active,"2026-04-27 09:45:23","2026-04-27 09:45:23"
89,หจก.ไอซ์ ออม แอร์ สุวรรณภูมิ เซอร์วิส,เครื่องยนต์,TRUCK,"","","",active,"2026-04-27 09:45:23","2026-04-27 09:45:23"
90,หจก.มหาชัยดีเซลกลการ,เครื่องยนต์,TRUCK,"","","",active,"2026-04-27 09:45:23","2026-04-27 09:45:23"
91,ห้างหุ้นส่วนจำกัดเจเอ็มบอดี้เซอร์วิส,ตู้,TRUCK,"","","",active,"2026-04-27 09:45:23","2026-04-27 09:45:23"
93,อาร์.ยู.เอ็ม,ตู้,TRUCK,"","","",active,"2026-04-27 09:45:23","2026-04-27 09:45:23"
94,อีซูซุสงวนไทยกรุงเทพ,เครื่องยนต์,TRUCK,"","","",active,"2026-04-27 09:45:23","2026-04-27 09:45:23"
95,อู่ ส.สมบรูณ์,เครื่องยนต์,TRUCK,"","","",active,"2026-04-27 09:45:23","2026-04-27 09:45:23"
96,อู่ซ่อมรถทั่วไป,"",TRUCK,"","","",active,"2026-04-27 09:45:23","2026-04-27 09:45:23"
97,อู่ทิวาการาจ,เครื่องยนต์,TRUCK,"","","",active,"2026-04-27 09:45:23","2026-04-27 09:45:23"
98,อู่อุทิศ,"เครื่องยนต์,เครื่องยนต์แอร์",TRUCK,"","","",active,"2026-04-27 09:45:23","2026-04-27 09:45:23"
