Car Type,Ori,Dest,Total KM,Per km (THB/km),Per-km price,Existing pair price,Existing pair price (min-max),Divergence (THB),Divergence (%),Trips
10W dry,BF (อาหารเบทเทอร์ อ้อมน้อย),PCS (ห้องเย็นแปซิฟิค),21.212,93.05557466113987,1973.894849712099,2130,"2,130-2,130",-156.1051502879011,-7.328880295206624,6
,KONOIKE (โคโนอิเกะ),PCS (ห้องเย็นแปซิฟิค),64.738,93.05557466113987,6024.231792412873,4800.5,"3,901-5,700",1223.731792412873,25.49175695058583,2
,PCS (ห้องเย็นแปซิฟิค),BF (อาหารเบทเทอร์ อ้อมน้อย),21.969,93.05557466113987,2044.337919730582,2130,"2,130-2,130",-85.66208026941808,-4.021693909362352,1
,,KGS (เคียวคุโย โกลบอล),8.123,93.05557466113987,755.8904329724392,1800,"1,800-1,800",-1044.1095670275608,-58.00608705708671,1
,,TAKO (ทาโกฟู้ดส์),39.997,93.05557466113987,3721.9438197216114,3000,"3,000-3,000",721.9438197216114,24.06479399072038,1
,คลังชิน,โคแพค,130.619,93.05557466113987,12154.82610666343,7100,"7,100-7,100",5054.8261066634295,71.19473389666801,1
,คลังสินค้าชิน (ไทยออซัม),Zion Cargo Company Limited,134.707,93.05557466113987,12535.237295878169,7600,"7,600-7,600",4935.237295878169,64.93733284050222,1
,สุรเชษฐ์ (กาญจนบุรี),PCS (ห้องเย็นแปซิฟิค),102.852,93.05557466113987,9570.951965047558,7000,"7,000-7,000",2570.9519650475577,36.72788521496511,1
10W dry NGV,BF (อาหารเบทเทอร์ อ้อมน้อย),PCS (ห้องเย็นแปซิฟิค),21.212,100.41485951348294,2130,2130,"2,130-2,130",0,0,1
10W reefer,ALLCOCO (ออล โคโค กรุ๊ป),PCS (ห้องเย็นแปซิฟิค),25.825,93.04679713676653,2402.9335360569953,3400,"3,400-3,400",-997.0664639430047,-29.325484233617782,7
,BF (อาหารเบทเทอร์ อ้อมน้อย),PCS (ห้องเย็นแปซิฟิค),21.212,93.04679713676653,1973.7086608650916,2937.3609574468082,"2,841-2,991",-963.6522965817167,-32.8067374266231,94
,CK นวนคร (อาหารเบทเทอร์),PACR,21.425,93.04679713676653,1993.527628655223,3981.31,"3,981-3,981",-1987.782371344777,-49.92784714942511,2
,DC Makro Mahachai (แมคโครมหาชัย),โชคสมุทรมารีน,25.421,93.04679713676653,2365.3426300137417,4900,"4,900-4,900",-2534.6573699862583,-51.727701428290985,1
,JPK (เจพีเค โคลด์ สโตเรจ),ไอ - เทล คอร์ปอเรชั่น,67.827,93.04679713676653,6311.085109395463,6000,"6,000-6,000",311.0851093954634,5.184751823257724,1
,Jpac สุวินทวงศ์,มาร์ส เพ็ทแคร์ (ประเทศไทย) จำกัด - ชลบุรี,50.575,93.04679713676653,4705.841765191967,4770,"4,770-4,770",-64.15823480803283,-1.3450363691411493,2
,LUF (ลัคกี้ ยูเนี่ยน ฟู้ดส์),Linfox DC (บางบ่อ),71.029,93.04679713676653,6609.020953827389,7182,"7,000-7,350",-572.9790461726107,-7.977987276143283,5
,,KF Foods,10.097,93.04679713676653,939.4935106899316,2912,"2,912-2,912",-1972.5064893100684,-67.73717339663696,1
,PACK (บางนา กม.19),TFG (ไทยฟู้ดส์ กาญ),160.654,93.04679713676653,14948.34014721009,7350,"7,350-7,350",7598.34014721009,103.37877751306246,1
,PACR/PACS,TUM,68.685,93.04679713676653,6390.9192613388095,1000,"1,000-1,000",5390.9192613388095,539.091926133881,13
,PACS (แปซิฟิค สระบุรี),คาร์กิลล์ สระบุรี,15.68,93.04679713676653,1458.973779104499,4300,"4,300-4,300",-2841.026220895501,-66.07037723012793,5
,,Nestle ระยอง,266.188,93.04679713676653,24767.940836241607,12000,"12,000-12,000",12767.940836241607,106.39950696868006,4
,,PACS (แปซิฟิค สระบุรี),257.966,93.04679713676653,24002.910070183116,6437.5,"5,500-6,750",17565.410070183116,272.8607389543008,4
,,อินาบะ,57.575,93.04679713676653,5357.169345149333,1200,"1,200-1,200",4157.169345149333,346.4307787624444,2
,,โอสถสภา,137.285,93.04679713676653,12773.929544920993,4200,"4,200-4,200",8573.929544920993,204.14117964097605,2
,PACS/PACR,I - Tail,80.061,93.04679713676653,7449.419625566666,1000,"1,000-1,000",6449.419625566666,644.9419625566666,2
,PCS (สินค้า),PCS (ห้องเย็นแปซิฟิค),54.763,93.04679713676653,5095.521751600745,3510,"3,510-3,510",1585.5217516007451,45.1715598746651,2
,PCS (ห้องเย็นแปซิฟิค),PCS (ห้องเย็นแปซิฟิค),54.818,93.04679713676653,5100.639325443268,3497.1326470588237,"3,065-4,350",1603.506678384444,45.85204052048278,34
,,BF (อาหารเบทเทอร์ อ้อมน้อย),21.969,93.04679713676653,2044.145086297624,2928.9695,"2,878-2,991",-884.8244137023762,-30.209410296091377,20
,,KGS (เคียวคุโย โกลบอล),8.123,93.04679713676653,755.8191331419545,1966.6666666666667,"1,900-2,000",-1210.8475335247122,-61.56851865379892,3
,,โอสถสภา อยุธยา,117.788,93.04679713676653,10959.796141145456,7803.5,"7,300-8,307",3156.296141145456,40.44718576466273,2
,,ALLCOCO (ออล โคโค กรุ๊ป),28.993,93.04679713676653,2697.705789386272,3400,"3,400-3,400",-702.294210613728,-20.65571207687435,1
,,HHT (ฮาร์มเลส ฮาร์เวสท์),13.829,93.04679713676653,1286.7441576043443,2250,"2,250-2,250",-963.2558423956557,-42.81137077314025,1
,,รอแยลแคนอินดัสทรีส์ สมุทรสาคร,9.372,93.04679713676653,872.0345827657759,2625,"2,625-2,625",-1752.965417234224,-66.77963494225617,1
,,ไทย ออซัม,76.652,93.04679713676653,7132.223094127428,5900,"5,900-5,900",1232.2230941274283,20.88513718860048,1
,PCS (แปซิฟิค),DC Makro Mahachai,22.937,93.04679713676653,2134.214385926014,4000,"4,000-4,000",-1865.785614073986,-46.644640351849645,1
,SCGN (Phase1),DC Makro Mahachai (แมคโครมหาชัย),168.428,93.04679713676653,15671.685948151313,7200,"7,200-7,200",8471.685948151313,117.6623048354349,6
,,Havi (Bangna),91.076,93.04679713676653,8474.330096028149,4450,"4,450-4,450",4024.3300960281485,90.43438418040783,3
,Sunfood,PACS (แปซิฟิค สระบุรี),131.41,93.04679713676653,12227.27961174249,4978.625,"4,500-5,047",7248.65461174249,145.59551305315202,8
,TFG (ไทยฟู้ดส์ กาญ),PACK (บางนา กม.19),149.271,93.04679713676653,13889.188455402274,7452.356338028169,"6,987-7,772",6436.832117374105,86.3731124144989,71
,,PCS (ห้องเย็นแปซิฟิค),129.899,93.04679713676653,12086.685901268835,6086.124545454545,"3,258-6,760",6000.5613558142895,98.59412687004311,55
,,PACA (ALPHA Bangna KM. 22),153.438,93.04679713676653,14276.914459071182,7058.7,"6,987-7,130",7218.214459071182,102.25982771716014,2
,TUF,Nestle ระยอง,178.024,93.04679713676653,16564.563013475723,9184,"9,184-9,184",7380.563013475723,80.36327323035412,3
,,คลังมนต์โลจิสติกส์,103.574,93.04679713676653,9637.228966643455,6496,"6,496-6,496",3141.2289666434554,48.356357245127086,3
,,JWD ฉะเชิงเทรา,101.818,93.04679713676653,9473.838790871294,5194,"5,194-5,194",4279.838790871294,82.39966867291672,2
,,Jpac สุวินทวงศ์,101.818,93.04679713676653,9473.838790871294,5488,"5,341-5,635",3985.838790871294,72.62825785115331,2
,,ไทยโยโกเร วังน้อย,129.928,93.04679713676653,12089.3842583858,5724,"5,724-5,724",6365.3842583858,111.20517572302238,2
,,มนต์โลจิสติกส์,146.077,93.04679713676653,13591.996985347443,6844,"6,844-6,844",6747.996985347443,98.59726746562599,1
,TUF5 (กาหลง),คลังมนต์โลจิสติกส์,122.045,93.04679713676653,11355.896356556672,6208,"6,208-6,208",5147.896356556672,82.9235882177299,1
,TUFโรงหมีก,TUF โรงกุ้ง,194.254,93.04679713676653,18074.712531005443,2332,"2,332-2,332",15742.712531005443,675.0734361494615,1
,UKF (สยาม ยูเคเอฟ),HIC,11.8795,93.04679713676653,1105.349426586218,1869.6,"739-3,000",-764.2505734137819,-40.87775852662505,2
,,N&N,11.88,93.04679713676653,1105.3959499847865,1731.07,"813-2,649",-625.6740500152134,-36.14377523815983,2
,,PCS (ห้องเย็นแปซิฟิค),12.3,93.04679713676653,1144.4756047822284,1219.2,"1,080-1,358",-74.72439521777164,-6.128969424029826,2
,,ไทยยูเนี่ยน,12.918500000000002,93.04679713676653,1202.0250488113186,2094,"1,188-3,000",-891.9749511886814,-42.596702540051645,2
,,FB Foods (สมุทรปราการ),37.691,93.04679713676653,3507.0268308818677,5100,"5,100-5,100",-1592.9731691181323,-31.234768021924165,1
,,Gen Y,643.223,93.04679713676653,59849.83999470237,880,880-880,58969.83999470237,6701.118181216178,1
,,KF Foods,11.988,93.04679713676653,1115.445004075557,2622.4,"2,622-2,622",-1506.954995924443,-57.46472681224996,1
,,ศักดิ์สวัสดิ์ห้องเย็น มหาชัย,14.842,93.04679713676653,1381.000563103889,3009.6,"3,010-3,010",-1628.599436896111,-54.11348474535191,1
,,ห้องเย็นศักดิ์สวัส,14.842,93.04679713676653,1381.000563103889,2781.9,"2,782-2,782",-1400.8994368961112,-50.357648977177874,1
,นิฮอนอิจิ,PACS (แปซิฟิค สระบุรี),55.369,93.04679713676653,5151.908110665626,1353.9310344827586,"1,296-1,416",3797.977076182867,280.5148105371413,29
,บริษัท คาร์กิลล์มีทส์,บริษัท บ้านบึงเรนเดอร์ริ่ง จำกัด,202.998,93.04679713676653,18888.31372516933,8800,"8,800-8,800",10088.31372516933,114.63992869510602,4
,บริษัท สปริงคิทเช่น (สุพรรณบุรี),PCS (ห้องเย็นแปซิฟิค),147.798,93.04679713676653,13752.13052321982,6345.79,"6,346-6,346",7406.340523219819,116.71266340707491,1
,บริษัท สปริงคิทเช่น จำกัด,PCS (ห้องเย็นแปซิฟิค),147.798,93.04679713676653,13752.13052321982,6560.75,"6,561-6,561",7191.380523219819,109.6121712185317,2
,บริษัท ไทสันโพลทรี่ คลอง7,GO Wholesale (DC มหาชัย),123.627,93.04679713676653,11503.096389627035,7150,"7,150-7,150",4353.096389627035,60.88246698779069,1
,บางกอกซีฟู้ด,ไทยเดลม่า,36.706,93.04679713676653,3415.3757357021523,6500,"6,500-6,500",-3084.6242642978477,-47.455757912274585,5
,,ไทยเดลมาร์,36.706,93.04679713676653,3415.3757357021523,6825,"6,825-6,825",-3409.6242642978477,-49.95786467835674,1
,สุขสวัสดิ์,กรุงไทย ชลบุรี,107.742,93.04679713676653,10025.0480171095,7687.5,"7,500-7,875",2337.5480171095005,30.40712867784716,2
,,ซีพีพิษณุโลก,409.758,93.04679713676653,38126.669501167176,15200,"15,200-15,200",22926.669501167176,150.833351981363,1
,ห้องเย็นรักชัย (มหาชัย),ห้องเย็นรักชัย (มหาชัย) (Pre - Cool),1684.054,93.04679713676653,156695.83090536023,43360,"33,920-52,800",113335.83090536023,261.3833738592256,2
,,CPF บางน้ำเปรี้ยว,87.533,93.04679713676653,8144.665293772585,6381.4,"6,381-6,381",1763.2652937725852,27.631323749844633,1
,,KONOIKE (โคโนอิเกะ),60.683,93.04679713676653,5646.3587906504035,6300,"6,300-6,300",-653.6412093495965,-10.375257291263436,1
,,N&N,4.799,93.04679713676653,446.5315794593426,4200,"4,200-4,200",-3753.4684205406575,-89.36829572715851,1
,เอเชี่ยนซี Asian Sea Corporation,พิจิตร,368.946,93.04679713676653,34329.24361642147,13080,"13,080-13,080",21249.243616421467,162.45599095123447,1
,แพ็คฟู้ด,Havi (Bangna),65.392,93.04679713676653,6084.516158367436,7208,"7,208-7,208",-1123.4838416325638,-15.586623774036678,1
,แหลมทองผลิตภัณฑ์อาหาร สาย5,PCS (ห้องเย็นแปซิฟิค),20.678,93.04679713676653,1924.0216711940584,3035.294117647059,"3,000-3,200",-1111.2724464530006,-36.61168912732754,17
,โชคสมุทรมารีน,Havi (Bangna),66.665,93.04679713676653,6202.964731122541,6250,"6,250-6,250",-47.0352688774592,-0.7525643020393473,1
,,บางกอก (BCS2),85.784,93.04679713676653,7981.9264455803805,5700,"5,700-5,700",2281.9264455803805,40.03379729088387,1
,ไก่สดเซนทาโก,PACR รังสิต,8.432,93.04679713676653,784.5705934572154,1328.911111111111,"1,250-1,381",-544.3405176538956,-40.961394114522,45
,ไทย ยังเกอร์ ฟาร์ม,SINCERELY WAREHOUSE,68.87,93.04679713676653,6408.132918809111,5800,"5,800-5,800",608.1329188091113,10.485050324295022,1
,ไทยอกริฟู้ด,DC Makro Mahachai (แมคโครมหาชัย),83.884,93.04679713676653,7805.137531020523,7578.571428571428,"6,955-8,170",226.56610244909461,2.98956214353188,7
,ไทยโยโกเรสำโรง,ฟาร์มเฮ้าส์ โรงงานลาดกระบัง,42.297,93.04679713676653,3935.6003784938134,6000,"6,000-6,000",-2064.3996215061866,-34.40666035843644,1
18W dry,Jpac สุวินทวงศ์,มาร์ส เพ็ทแคร์ (ประเทศไทย) จำกัด - ชลบุรี,50.575,49.67842735176198,2512.4864633153625,9222,"9,222-9,222",-6709.513536684637,-72.75551438608369,3
,TFG (ไทยฟู้ดส์ กาญ),KONOIKE (โคโนอิเกะ),150.421,49.67842735176198,7472.678720679389,10321,"10,321-10,321",-2848.321279320611,-27.59733823583578,1
,บจก.ซี.เอ.เอส เปเปอร์มิลล์ (สิงห์บุรี),บจก.บิลเลี่ยน มินเลี่ยน (D101693),198.272,49.67842735176198,9849.841147888552,9700,"9,700-9,700",149.84114788855186,1.5447541019438338,3
,,บจก.บิลเลี่ยน มินเลี่ยน (D101674/D101675),198.272,49.67842735176198,9849.841147888552,9700,"9,700-9,700",149.84114788855186,1.5447541019438338,1
,,บจก.บิลเลี่ยน มินเลี่ยน (D101678/D101679/D101680),172.498,49.67842735176198,8569.429361324237,9700,"9,700-9,700",-1130.570638675763,-11.655367409028482,1
,วังน้อย,ขอนแก่น,384.287,49.67842735176198,19090.773811726554,18996.929130434783,"17,500-21,353",93.84468129177185,0.49399921770210886,92
18W head,CTD ห้องเย็นวังน้อย,KONOIKE (โคโนอิเกะ),98.998,73.06338358719961,7233.128848365587,8183,"8,183-8,183",-949.8711516344129,-11.607859606921824,1
,TFG (ไทยฟู้ดส์ กาญ),KONOIKE (โคโนอิเกะ),150.421,73.06338358719961,10990.267222570152,9547,"9,547-9,547",1443.2672225701517,15.117494737301266,1
18W reefer,PACK (บางนา กม.19),TFG (ไทยฟู้ดส์ กาญ),149.086,83.85853047592065,12502.132874533107,12636,"12,636-12,636",-133.8671254668934,-1.0594106162305588,1
,PACR รังสิต,CB COCONUTS ราชบุรี,123.779,83.85853047592065,10379.925043778981,10079,"10,079-10,079",300.9250437789815,2.9856636946024557,2
,TFG (ไทยฟู้ดส์ กาญ),PACK (บางนา กม.19),149.271,83.85853047592065,12517.646702671149,12636,"12,636-12,636",-118.35329732885111,-0.9366357813299392,5
22W dry,PACA (ALPHA Bangna KM. 22),TFG (ไทยฟู้ดส์ กาญ),152.262,78.34271062800184,11928.617805640815,11466,"11,466-11,466",462.6178056408153,4.034692182459579,6
,PACK (บางนา กม.19),TFG (ไทยฟู้ดส์ กาญ),149.086,78.34271062800184,11679.801356686283,11980.333333333334,"11,466-12,519",-300.5319766470511,-2.5085443642112164,3
,PCS (ห้องเย็นแปซิฟิค),TFG (ไทยฟู้ดส์ กาญ),108.003,78.34271062800184,8461.247775956082,9936,"9,408-10,464",-1474.7522240439175,-14.842514332165033,2
,,PACK (บางนา กม.19),66.504,78.34271062800184,5210.103627604634,6435,"6,435-6,435",-1224.8963723953657,-19.034908661932644,1
,TFG (ไทยฟู้ดส์ กาญ),PACK (บางนา กม.19),149.271,78.34271062800184,11694.294758152462,12006,"11,466-12,519",-311.70524184753776,-2.5962455592831732,65
,,PACA (ALPHA กม.22),153.438,78.34271062800184,12020.748833339345,11466,"11,466-11,466",554.7488333393449,4.838207163259592,35
,ทวีวงษ์ (สมุทรสาคร),ขอนแก่น,493.15,78.34271062800184,38634.70774619911,23385,"23,385-23,385",15249.707746199107,65.21149346247212,2
,โชคสมุทรมารีน,Havi (Bangna) ปลั๊กตู้,66.665,78.34271062800184,5222.716804015743,11500,"11,500-11,500",-6277.283195984257,-54.58507126942832,1
22W head,B.C Deport,PAT,128.688,56.471382994903884,7267.18933484819,7220,"7,220-7,220",47.1893348481899,0.6535918954042923,4
,BKK/LKB,BKK/LKB,139.01999999999998,56.471382994903884,7850.651663951537,8272.727272727272,"6,900-10,600",-422.0756087757354,-5.102012853333067,11
,,LKB - ICD1,132.977,56.471382994903884,7509.395096513334,9300,"9,300-9,300",-1790.6049034866664,-19.253816166523293,2
,,Kingbell Producer,168.435,56.471382994903884,9511.757394746635,10000,"10,000-10,000",-488.2426052533647,-4.882426052533647,1
,CIMC,PAT 1,106.066,56.471382994903884,5989.693708737475,6300,"6,300-6,300",-310.3062912625246,-4.92549668670674,4
,ECD1,LCB KERRY,131.833,56.471382994903884,7444.791834367164,9110,"8,300-12,300",-1665.2081656328364,-18.27890412330227,10
,,LCB B1,249.513,56.471382994903884,14090.344185207454,6312.830000000001,"2,038-8,600",7777.514185207453,123.20170486465582,3
,G - FORTUNE BKK 2,LCB B5,234.341,56.471382994903884,13233.56036240877,8000,"8,000-8,000",5233.560362408771,65.41950453010963,1
,,PAT 1,127.794,56.471382994903884,7216.703918450747,12000,"12,000-12,000",-4783.296081549253,-39.86080067957711,1
,GREATING FORTUNE,LCB B1,178.748,56.471382994903884,10094.146767573078,8420,"7,700-9,200",1674.1467675730783,19.882978237209954,5
,,PAT 1,182.222,56.471382994903884,10290.328352097376,7520,"7,520-7,520",2770.3283520973764,36.839472767252346,1
,Greating Fortune Container Service,LCB A2,233.153,56.471382994903884,13166.472359410825,13261,"13,261-13,261",-94.52764058917455,-0.7128243766622017,3
,KCTC,PAT 1,172.635,56.471382994903884,9748.937203325231,12000,"12,000-12,000",-2251.062796674769,-18.758856638956406,1
,KERRY,LCB B5,171.58700000000002,56.471382994903884,9689.755193946574,13000,"13,000-13,000",-3310.244806053426,-25.463421585026353,1
,LCB,KERRY,157.391,56.471382994903884,8888.087440950916,8400,"7,600-9,200",488.08744095091606,5.810564773225192,2
,,CMA LCB,97.679,56.471382994903884,5516.068219559216,15300,"15,300-15,300",-9783.931780440784,-63.94726653882865,1
,LCB B5,LCB KERRY,134.184,56.471382994903884,7577.556055788183,3780,"3,780-3,780",3797.5560557881827,100.46444592032229,4
,LCB C1C2,LCB B1,57.359,56.471382994903884,3239.142057204692,12900,"12,000-13,800",-9660.857942795308,-74.89037164957604,2
,LKB,LKB,205.877,56.471382994903884,11626.158916841827,7850,"7,600-8,060",3776.158916841827,48.1039352463927,18
,LKB - ICD1,LKB - ICD1,136.882,56.471382994903884,7729.915847108434,8716.190476190477,"7,500-19,220",-986.2746290820432,-11.315432261102988,21
,,BKK/LKB,56.86,56.471382994903884,3210.9628370902346,12000,"12,000-12,000",-8789.037162909764,-73.24197635758138,1
,LKB 1,LKB 1,125.975,56.471382994903884,7113.982472783016,8053.846153846154,"8,000-8,100",-939.8636810631378,-11.669749621605341,13
,LKB 2 ESCO,WIN WIN CONTAINER DEPOT (LCB),925.178,56.471382994903884,52246.081176459185,7500,"7,500-7,500",44746.081176459185,596.6144156861225,1
,LKB 3 EVERGREEN (ICD),NHP,966.005,56.471382994903884,54551.63832999213,7500,"7,500-7,500",47051.63832999213,627.3551777332284,1
,LKB 6 NYK,NICD,146.082,56.471382994903884,8249.45257066155,8063,"8,063-8,063",186.45257066154954,2.312446616167054,1
,NHP,NICD,138.663,56.471382994903884,7830.491380222358,8580,"8,580-8,580",-749.5086197776418,-8.735531699040115,1
,PAT 1,G - FORTUNE BKK 2,58.107,56.471382994903884,3281.38265168488,6600,"6,200-7,000",-3318.61734831512,-50.282081035077574,2
,SCT,LKB,113.217,56.471382994903884,6393.520568534033,8063,"8,063-8,063",-1669.4794314659666,-20.705437572441603,1
,,SCT,120.544,56.471382994903884,6807.2863917376935,12000,"12,000-12,000",-5192.7136082623065,-43.27261340218589,1
,SMART BKK (ซ.วัดหลวงพ่อโต),PAT 1,85.44200000000001,56.471382994903884,4825.0279058505785,6300,"6,300-6,300",-1474.9720941494215,-23.41225546268923,9
,Siam CTNR LKB,Hutchison Laemchabang Terminal,351.98299999999995,56.471382994903884,19876.966800695252,17300,"17,050-17,550",2576.9668006952525,14.895761853729784,2
,,เค - เฟรช (สวนส้ม),174.039,56.471382994903884,9828.223025050076,12000,"12,000-12,000",-2171.776974949924,-18.098141457916032,1
,TCT,NICD,122.487,56.471382994903884,6917.010288896791,12500,"12,500-12,500",-5582.989711103209,-44.66391768882567,1
,THAI ENG KONG,LCB A2,244.363,56.471382994903884,13799.516562783698,13261,"13,261-13,261",538.5165627836977,4.060904628487276,1
,TID T.BANGCHALONG BANGPLEE,PAT 1,178.042,56.471382994903884,10054.277971178677,7626.666666666667,"7,400-7,880",2427.61130451201,31.830567803916214,9
22W reefer,TFG (ไทยฟู้ดส์ กาญ),PACK (บางนา กม.19),149.271,80.73235926603293,12051,12051,"12,051-12,051",0,0,1
4W dry,HHT (ฮาร์มเลส ฮาร์เวสท์),HHT (ฮาร์มเลส ฮาร์เวสท์),25.174,14.365404555786542,361.6346942873704,2025,"2,025-2,025",-1663.3653057126296,-82.14149657840146,1
,KONOIKE (โคโนอิเกะ),PCS (ห้องเย็นแปซิฟิค),64.738,14.365404555786542,929.9875601325092,2007,"1,714-2,300",-1077.0124398674907,-53.6628021857245,2
,LUF (ลัคกี้ ยูเนี่ยน ฟู้ดส์),(CP RAM) ซีพีแรม ลาดกระบัง,84.045,14.365404555786542,1207.34042589108,2800,"2,800-2,800",-1592.65957410892,-56.880699075318574,1
,Rhenus Warehouse,MAYA Lifestyle,721.086,14.365404555786542,10358.692109513895,8820,"8,820-8,820",1538.692109513895,17.44548876999881,1
,Rhenus Warehouse กม.19,Central Chiangmai - MAYA,721.086,14.365404555786542,10358.692109513895,9132.75,"8,829-9,639",1225.942109513895,13.4235811723073,8
,Rhenus Warehousing Solutions,Centralเชียงใหม่ - MAYA,721.086,14.365404555786542,10358.692109513895,8599.5,"8,319-8,880",1759.192109513895,20.45691155897314,4
,,MAYA,723.218,14.365404555786542,10389.31915202683,8319,"8,319-8,319",2070.31915202683,24.886634836240297,2
,,MAYA Lifestyle,721.086,14.365404555786542,10358.692109513895,8019,"8,019-8,019",2339.692109513895,29.17685633512776,2
,"Rhenus Warehousing Solutions, Bangna KM.19 Warehouse",MAYA Lifestyle,721.086,14.365404555786542,10358.692109513895,8598.31,"8,598-8,598",1760.3821095138956,20.47358271001971,1
,,เชียงใหม่,722.286,14.365404555786542,10375.930594980837,9408,"9,408-9,408",967.9305949808368,10.288377922840526,1
,TRC,หาดใหญ่,1028.135,14.365404555786542,14769.575212963597,13940,"12,500-14,420",829.5752129635966,5.951041699882329,4
,,นครพนม,782.285,14.365404555786542,11237.840502923475,12000,"12,000-12,000",-762.1594970765254,-6.351329142304378,2
,ชัยนาท,บางพลี,225.047,14.365404555786542,3232.891199066094,3950.3375,"3,787-4,181",-717.4463009339061,-18.161645705813896,8
,,ชลบุรี,307.326,14.365404555786542,4414.8623205116555,4717.266666666666,"4,460-4,925",-302.4043461550109,-6.410584084462985,6
,,ชลบุรี (CP ALL),316.776,14.365404555786542,4550.615393563838,5390,"5,390-5,390",-839.3846064361624,-15.57299826412175,2
,,นครสวรรค์ (CP ALL),108.349,14.365404555786542,1556.477218214916,2576,"2,576-2,576",-1019.5227817850839,-39.57774774010419,1
,,วัดกู้ (นนทบุรี),172.105,14.365404555786542,2472.3579510736427,3079.25,"3,079-3,079",-606.8920489263573,-19.70908659337038,1
,,เชียงใหม่,530.771,14.365404555786542,7624.7401414793785,7839,"7,839-7,839",-214.2598585206215,-2.73325498814417,1
,นครพนม,TRC,776.457,14.365404555786542,11154.118925172352,6000,"6,000-6,000",5154.118925172352,85.90198208620586,1
,ภูเก็ต,TRC,796.696,14.365404555786542,11444.860347976915,17000,"17,000-17,000",-5555.139652023085,-32.67729207072403,1
,วัดกู้ (นนทบุรี),ชัยนาท,168.969,14.365404555786542,2427.3080423866963,1412.5,"1,412-1,412",1014.8080423866963,71.8448171601201,1
,สุวรรณภูมิ,สยามไบโอไซเอนซ์,65.732,14.365404555786542,944.2667722609609,3550,"3,550-3,550",-2605.733227739039,-73.400935992649,3
,หาดใหญ่,TRC (รับของบูธกลับ),912.659,14.365404555786542,13110.715756479589,7210,"7,210-7,210",5900.715756479589,81.84071784299014,1
,อ่างทอง,วัดด่านสำโรง - WHALE FOODS,123.002,14.365404555786542,1766.9734911708563,5000,"5,000-5,000",-3233.0265088291435,-64.66053017658287,1
,เชียงใหม่,ชัยนาท,529.665,14.365404555786542,7608.852004040678,3767.5,"3,768-3,768",3841.3520040406784,101.9602389924533,1
4W reefer,BCS2 กม.18,JPK (เจพีเค โคลด์ สโตเรจ),8.915,37.42844340838277,333.67457298573237,1400,"1,400-1,400",-1066.3254270142677,-76.16610192959055,1
,Eastern Sea,คลังการบินไทย สนามบินสุวรรณภูมิ,83.583,37.42844340838277,3128.381585402857,3600,"3,600-3,600",-471.6184145971429,-13.100511516587302,1
,FUJI Factory Phase 2,ซูชิ บางนา,26.774,37.42844340838277,1002.1091438160403,2567,"2,567-2,567",-1564.8908561839598,-60.96185649333697,1
,HHT (ฮาร์มเลส ฮาร์เวสท์),HHT (ฮาร์มเลส ฮาร์เวสท์),40.649,37.42844340838277,1521.4287961073512,1781.25,"1,012-2,550",-259.8212038926488,-14.586453551868,2
,JPK (เจพีเค โคลด์ สโตเรจ),อินเตอร์แพน พระราม4,36.301,37.42844340838277,1358.6899241677029,1883.3333333333333,"1,800-2,550",-524.6434091656304,-27.85717216808657,9
,,Ebisu สำนักงานใหญ่,84.63600000000001,37.42844340838277,3167.7937363118845,2715,"2,580-2,830",452.79373631188446,16.677485683678984,4
,,ห้องเย็นปิติชัย วังน้อย,109.643,37.42844340838277,4103.766820625312,3200,"3,200-3,200",903.766820625312,28.242713144541,4
,,เซ็นทรัล แจ้งวัฒนะ,61.928,37.42844340838277,2317.868643394328,2393.3333333333335,"2,000-3,180",-75.46468993900544,-3.1531207495406175,3
,,JPK (เจพีเค โคลด์ สโตเรจ),420.475,37.42844340838277,15737.724742139746,3465,"3,450-3,480",12272.724742139746,354.1911902493433,2
,,ธรรมชาติ ซีฟู้ด,337.29650000000004,37.42844340838277,12624.48296209558,2415,"2,250-2,580",10209.48296209558,422.75291768511727,2
,,เอเชี่ยน อะไลอันซ์,77.082,37.42844340838277,2885.0592748049603,2300,"2,300-2,300",585.0592748049603,25.43735977412871,2
,,Food Classic พระราม4,35.986000000000004,37.42844340838277,1346.8999644940625,2130,"2,130-2,130",-783.1000355059375,-36.76525988290786,1
,,Gen - Y Food บางบอน5,113.328,37.42844340838277,4241.690634585202,2500,"2,500-2,500",1741.6906345852021,69.66762538340808,1
,,Green Food Factory (เชียงราก),96.312,37.42844340838277,3604.8082415481613,2750,"2,750-2,750",854.8082415481613,31.083936056296775,1
,,Guss Damn Good,122.875,37.42844340838277,4599.019983805033,3160,"3,160-3,160",1439.019983805033,45.53860708243776,1
,,Gyu - Kaku Japanese BBQ Thaniya,104.528,37.42844340838277,3912.320332591434,2660,"2,660-2,660",1252.3203325914342,47.079711751557674,1
,,Makotoya ส่งที่โครงการพิมาน 49,39.028,37.42844340838277,1460.7572893423626,1800,"1,800-1,800",-339.2427106576374,-18.846817258757635,1
,,Megumi บางแค,103.133,37.42844340838277,3860.10765403674,3050,"3,050-3,050",810.1076540367399,26.560906689729176,1
,,One Bangkok,41.41499999999999,37.42844340838277,1550.0989837581722,2460,"2,460-2,460",-909.9010162418278,-36.98784618869219,1
,,SAITO FOODS สุขุมวิท36,37.247,37.42844340838277,1394.097231632033,2030,"2,030-2,030",-635.9027683679669,-31.325259525515612,1
,,Thai Ooi,36.388000000000005,37.42844340838277,1361.9461987442323,2330,"2,330-2,330",-968.0538012557677,-41.54737344445355,1
,,The Hiro Group รามอินทรา,49.666,37.42844340838277,1858.9210703207384,2200,"2,200-2,200",-341.0789296792616,-15.503587712693708,1
,,จริงใจ หมูกระทะ รัชดา,86.841,37.42844340838277,3250.323454027368,2880,"2,880-2,880",370.3234540273679,12.858453264839165,1
,,จริงใจ หมูกระทะ วังหิน 44,90.78799999999998,37.42844340838277,3398.0535201602543,2990,"2,990-2,990",408.05352016025427,13.647274921747634,1
,,ซิมิรัน,81.675,37.42844340838277,3056.968115379663,2200,"2,200-2,200",856.9681153796628,38.95309615362103,1
,,นิชิฮาระ กม.16,656.124,37.42844340838277,24557.70000288174,2460,"2,460-2,460",22097.70000288174,898.2804879220218,1
,,แฟชั่น ไอซ์แลนด์,104.756,37.42844340838277,3920.8540176885454,2350,"2,350-2,350",1570.8540176885454,66.84485181653385,1
,KGS (เคียวคุโย โกลบอล),M - senko (Sushiro),43.418,37.42844340838277,1625.068155905163,2079,"2,079-2,079",-453.93184409483706,-21.834143535105195,1
,KONOIKE (โคโนอิเกะ),JPK (เจพีเค โคลด์ สโตเรจ),5.142,37.42844340838277,192.4570560059042,1200,"1,200-1,200",-1007.5429439940958,-83.96191199950799,1
,LUF (ลัคกี้ ยูเนี่ยน ฟู้ดส์),CP ลาดกระบัง,84.045,37.42844340838277,3145.67352625753,2984,"2,912-3,248",161.67352625752983,5.41801361452848,7
,,(CP RAM) ซีพีแรม ลาดกระบัง,84.045,37.42844340838277,3145.67352625753,3042.6666666666665,"2,968-3,080",103.00685959086331,3.385413877876752,3
,,CP RAMชลบุรี รวมลงของ,148.617,37.42844340838277,5562.502974023621,3744,"3,744-3,744",1818.5029740236214,48.571126442938606,1
,OKF/TUF,DC Makro Mahachai,20.628,37.42844340838277,772.0739306281198,1688,"1,688-1,688",-915.9260693718802,-54.261023067054516,1
,PACA (ALPHA Bangna KM. 22),มากุโระ Route004,36.124,37.42844340838277,1352.0650896844193,2872,"2,872-2,872",-1519.9349103155807,-52.922524732436656,1
,,มากุโระ Route009,36.611,37.42844340838277,1370.2927416243015,2297,"2,297-2,297",-926.7072583756985,-40.344242854841035,1
,PCS (ห้องเย็นแปซิฟิค),สยามพารากอน,45.120000000000005,37.42844340838277,1688.7713665862307,1800,"1,800-1,800",-111.22863341376933,-6.179368522987185,4
,,แหลมทองผลิตภัณฑ์อาหาร สาย5,23.12,37.42844340838277,865.3456116018097,1700,"1,700-1,700",-834.6543883981903,-49.09731696459943,2
,,CP ลาดกระบัง,106.316,37.42844340838277,3979.2423894056224,2883,"2,883-2,883",1096.2423894056224,38.02436314275485,1
,,ทนา,49.725,37.42844340838277,1861.1293484818332,1977,"1,977-1,977",-115.87065151816682,-5.860933308961398,1
,,เอสพานาด,159.157,37.42844340838277,5956.998767547977,2900,"2,900-2,900",3056.998767547977,105.41375060510265,1
,,แพนสยาม,10.365,37.42844340838277,387.9458159278874,2200,"2,200-2,200",-1812.0541840721125,-82.36609927600512,1
,,โอสถสภา อยุธยา,117.788,37.42844340838277,4408.621492186589,3300,"3,300-3,300",1108.6214921865894,33.59459067232089,1
,"Rhenus Warehousing Solutions, Bangna KM.19 Warehouse",Centralเชียงใหม่,716.209,37.42844340838277,26806.588025074412,9765.99,"9,766-9,766",17040.59802507441,174.48920206834546,1
,SCGN (Phase1),Va Va สิงห์บุรี เดือนตุลาคม 2568,246.438,37.42844340838277,9223.790736675033,3488,"3,488-3,488",5735.790736675033,164.44354176247228,1
,TUF,DC Makro Wang Noi,110.66,37.42844340838277,4141.831547571637,3472,"3,472-3,472",669.8315475716372,19.292383282593235,1
,TUF โรงหมึก,DC Makro Wang Noi,216.27,37.42844340838277,8094.649455930942,3286,"3,286-3,286",4808.649455930942,146.3374758347822,2
,,DC Makro Mahachai,214.606,37.42844340838277,8032.3685260993925,1908,"1,908-1,908",6124.3685260993925,320.98367537208554,1
,UKF (สยาม ยูเคเอฟ),โซนสมุทรสาคร,1.747,37.42844340838277,65.3874906344447,1500,"1,500-1,500",-1434.6125093655553,-95.64083395770369,3
,,Alfredo Enterprise (อัลเฟรโด อยุธยา),126.369,37.42844340838277,4729.794965073922,4500,"3,900-5,100",229.79496507392196,5.106554779420488,2
,,NSL Food ชลบุรี อมตะนคร เฟส 8,119.507,37.42844340838277,4472.9609864056,4450,"3,950-4,950",22.960986405600124,0.5159772225977556,2
,,ห้องเย็นเจ๊เพ็ญ,14.874,37.42844340838277,556.7106672562853,1500,"1,500-1,500",-943.2893327437147,-62.88595551624765,2
,,ซีเทค บางปู,65.86,37.42844340838277,2465.037282876089,2600,"2,600-2,600",-134.9627171239108,-5.190873735535031,1
,คลังการบินไทย สนามบินสุวรรณภูมิ,PACS (แปซิฟิค สระบุรี),148.669,37.42844340838277,5564.449253080858,4000,"4,000-4,000",1564.4492530808584,39.111231327021464,1
,,PCS (ห้องเย็นแปซิฟิค),72.534,37.42844340838277,2714.834714183636,2750,"2,750-2,750",-35.16528581636385,-1.2787376660495946,1
,คิงฟิชเชอร์ มหาชัย,JPK (เจพีเค โคลด์ สโตเรจ),64.849,37.42844340838277,2427.1971265902143,2530,"2,530-2,530",-102.80287340978566,-4.063354680228682,1
,ท่าเรือ คลองเตย,แชมป์เอช บางคอแหลม,10.786,37.42844340838277,403.7031906028165,2200,"2,200-2,200",-1796.2968093971836,-81.64985497259926,2
,นิ่มซีเส็ง สาขาตลาดไทย,สยามฟู้ด (ศูนย์กระจายสินค้าโลตัส ลําลูกกา),31.812,37.42844340838277,1190.6736417074726,2380,"2,380-2,380",-1189.3263582925274,-49.97169572657678,1
,นิ่มซี่เส็งขนส่ง ตลาดไทย,DC โลตัส ลำลูกกา,31.812,37.42844340838277,1190.6736417074726,2160,"2,160-2,160",-969.3263582925274,-44.87622029132071,1
,บริษัท ทิมฟู้ด จำกัด,ไทยโยโกเรสำโรง,111.584,37.42844340838277,4176.415429280983,1950,"1,950-1,950",2226.4154292809826,114.17515021953757,1
,บริษัท แอดวานซ์ มีท จำกัด ปทุมธานี,PCS (ห้องเย็นแปซิฟิค),86.6,37.42844340838277,3241.3031991659477,1626.17,"1,626-1,626",1615.1331991659476,99.32130091970382,1
,ปั้ม PT มหาชัย,HAVI,1763.995,37.42844340838277,66023.58703017017,3857,"3,857-3,857",62166.587030170165,1611.7860261905669,1
,มารีน โกลด์,เซ็นทรัลเวิลด์,103.781,37.42844340838277,3884.361285365372,2900,"2,900-2,900",984.3612853653722,33.94349259880593,1
,สุวรรณภูมิ,สยามไบโอไซเอนซ์,65.732,37.42844340838277,2460.246442119816,3200,"2,950-3,700",-739.753557880184,-23.11729868375575,3
,,คอนโด M สีลม,36.222,37.42844340838277,1355.7330771384406,3240,"3,240-3,240",-1884.2669228615594,-58.15638650807282,1
,สแนคกี้ไทย ปทุมธานี,PCS (ห้องเย็นแปซิฟิค),88.578,37.42844340838277,3315.336660227729,1944,"1,944-1,944",1371.3366602277292,70.54200927097372,2
,สแน็คกี้,PCS (ห้องเย็นแปซิฟิค),88.578,37.42844340838277,3315.336660227729,1800,"1,800-1,800",1515.3366602277292,84.18537001265163,1
,ห้องเย็นรักชัย (มหาชัย),S&P ลาดระบัง (Pre - cool),74.735,37.42844340838277,2797.2147181254863,1600,"1,600-1,600",1197.2147181254863,74.8259198828429,1
,เวิลด์แนชเชอรัลฟู้ด ลำพูน,ไทยโยโกเรสำโรง,675.102,37.42844340838277,25268.017001886023,10000,"10,000-10,000",15268.017001886023,152.68017001886022,1
,แหลมทองผลิตภัณฑ์อาหาร สาย5,PCS (ห้องเย็นแปซิฟิค),20.678,37.42844340838277,773.9453527985389,1400,"1,400-1,400",-626.0546472014611,-44.71818908581865,1
,โชคมหาชัยมารีน,BCS bangna Km.18,73.082,37.42844340838277,2735.345501171429,2700,"2,700-2,700",35.34550117142908,1.3090926359788546,1
,โชคสมุทรมารีน,สายนนทบุรี,53.598,37.42844340838277,2006.0897098024996,3361,"3,243-3,479",-1354.9102901975004,-40.312713186477254,2
,,เซ็นทรัล แจ้งวัฒนะ,57.932,37.42844340838277,2168.3045835344305,2604,"2,592-2,616",-435.69541646556945,-16.731774825866722,2
,,(CP RAM) ลาดหลุมแก้ว,66.795,37.42844340838277,2500.032877462927,3500,"3,500-3,500",-999.967122537073,-28.570489215344942,1
,,JPK (เจพีเค โคลด์ สโตเรจ),64.134,37.42844340838277,2400.4357895532207,2300,"2,300-2,300",100.43578955322073,4.366773458835684,1
,ไทย กรีน,PCS (ห้องเย็นแปซิฟิค),14.242,37.42844340838277,533.0558910221874,1447,"1,447-1,447",-913.9441089778126,-63.16130677109969,1
6W dry,LKB 2,CSM,464.167,27.163849563620072,12608.562560396836,5000,"5,000-5,000",7608.5625603968365,152.17125120793673,1
,PCS (ห้องเย็นแปซิฟิค),PCS (ห้องเย็นแปซิฟิค),170.013,27.163849563620072,4618.20755585974,7300,"7,300-7,300",-2681.79244414026,-36.736882796441925,1
,,TAKO (ทาโกฟู้ดส์),39.997,27.163849563620072,1086.4724909961121,2500,"2,500-2,500",-1413.5275090038879,-56.54110036015552,1
,"Rhenus Warehousing Solutions, Bangna KM.19 Warehouse",Centralเชียงใหม่ - เทอดวลัย,716.209,27.163849563620072,19454.993532110766,17444,"17,444-17,444",2010.993532110766,11.528282114828972,1
,,เชียงใหม่,722.286,27.163849563620072,19620.068245908886,15444,"15,444-15,444",4176.068245908886,27.04006893232897,1
,ไทย ออซัม,ร้านเชิญเก้า (เชียงใหม่),776.397,27.163849563620072,21089.931309645934,800,800-800,20289.931309645934,2536.2414137057417,1
6W reefer,JPK (เจพีเค โคลด์ สโตเรจ),ห้องเย็นปิติชัย วังน้อย,109.643,53.699356294029,5887.758522146222,6200,"6,200-6,200",-312.2414778537777,-5.036152868609318,2
,LUF (ลัคกี้ ยูเนี่ยน ฟู้ดส์),Linfox DC (บางบ่อ),71.029,53.699356294029,3814.2115782085857,6360,"6,360-6,360",-2545.7884217914143,-40.028119839487644,1
,,เซ้าอีสต์ นาดี,10.409,53.699356294029,558.9565996645479,2862,"2,862-2,862",-2303.043400335452,-80.46972048691308,1
,PACS (แปซิฟิค สระบุรี),โอสถสภา,137.285,53.699356294029,7372.116128825772,4300,"4,300-4,300",3072.1161288257717,71.44456113548307,1
,PCS (ห้องเย็นแปซิฟิค),DC Makro Wang Noi (Pre - cool),100.714,53.699356294029,5408.276969796837,7500,"7,500-7,500",-2091.723030203163,-27.889640402708842,1
,,Nestle ระยอง,174.686,53.699356294029,9380.525753578751,7848,"7,848-7,848",1532.5257535787514,19.527596248455037,1
,,บจก. ยูนิ - เพรสซิเดนท์,46.382,53.699356294029,2490.683543629653,4500,"4,500-4,500",-2009.3164563703472,-44.65147680822994,1
,,ไทยซันฟู้ดส์,58.374,53.699356294029,3134.646224307649,6700,"6,700-6,700",-3565.353775692351,-53.21423545809479,1
,SCGN (Phase1),Havi (Bangna),91.076,53.699356294029,4890.722573834985,4082,"4,082-4,082",808.7225738349853,19.811919986158387,2
,,Merry สมุทรสาคร (ห้องเย็นทะเลไทย) เดือนตุลาคม 2568,155.097,53.699356294029,8328.609063135016,5364,"5,364-5,364",2964.609063135016,55.26862533808755,2
,,Va Va สิงห์บุรี,310.218,53.699356294029,16658.50691082109,6917.5,"6,504-7,331",9741.006910821088,140.81686896741726,2
,,Va Va สิงห์บุรี เดือนตุลาคม 2568,246.438,53.699356294029,13233.561966387919,7064,"7,064-7,064",6169.561966387919,87.33807993187881,2
,,กอล์ฟมหาชัยซีฟู้ด เดือนตุลาคม 2568,154.359,53.699356294029,8288.978938190023,5364,"5,364-5,364",2924.9789381900227,54.529808691089166,2
,,DC Makro Mahachai (แมคโครมหาชัย) รวมลงของ,168.428,53.699356294029,9044.475181890717,5960,"5,960-5,960",3084.475181890717,51.7529392934684,1
,,PCS (ห้องเย็นแปซิฟิค) 61KM - 70KM เดือนตุลาคม2568,151.116,53.699356294029,8114.8319257284875,5364,"5,364-5,364",2750.8319257284875,51.28322009188082,1
,,ปทุมธานี เดือนตุลาคม 2568,162.389,53.699356294029,8720.184769231077,5519,"5,519-5,519",3201.1847692310766,58.00298549068811,1
,,ห้องเย็นอุตรดิต (ปั๊มPTคลองหลวง),591.987,53.699356294029,31789.320834433343,6050,"6,050-6,050",25739.320834433343,425.4433195774106,1
,TFG (ไทยฟู้ดส์ กาญ),PACK (บางนา กม.19),196.403,53.699356294029,10546.714674216177,4280,"4,280-4,280",6266.714674216177,146.41856715458357,1
,TUF,JWD ฉะเชิงเทรา,101.818,53.699356294029,5467.561059145445,4664,"4,664-4,664",803.5610591454451,17.229010702089305,2
,,Jpac สุวินทวงศ์,101.818,53.699356294029,5467.561059145445,4928,"4,928-4,928",539.5610591454451,10.948885128763092,1
,,Nestle ระยอง,178.024,53.699356294029,9559.77420488822,8632,"8,632-8,632",927.7742048882192,10.748079296666116,1
,UKF (สยาม ยูเคเอฟ),JFC THAILAND (บางนา),79.471,53.699356294029,4267.541544042779,6700,"6,700-6,700",-2432.4584559572213,-36.30535008891375,1
,,ปราจีนบุรี,192.179,53.699356294029,10319.8885932302,10000,"10,000-10,000",319.88859323020006,3.1988859323020007,1
,,ไทยเดลมาร์,48.761,53.699356294029,2618.434312253148,5500,"5,500-5,500",-2881.565687746852,-52.39210341357913,1
,ทริปเปิล พี ฟู้ดส์,ทริปเปิ้ลพี (จองคู่10w),147.082,53.699356294029,7898.208722438373,5875,"5,875-5,875",2023.2087224383731,34.43759527554678,1
,ยูนิคอร์ด (สำนักงานใหญ่),Jpac สุวินทวงศ์,101.595,53.699356294029,5455.5861026918765,6500,"6,500-6,500",-1044.4138973081235,-16.06790611243267,1
,สมายมีท,สมายมีท,267.69100000000003,53.699356294029,14374.834385704919,7668,"7,668-7,668",6706.8343857049185,87.46523716360092,4
,สยามไบโอไซเอนซ์,อย.นนทบุรี,26.359,53.699356294029,1415.4613325543105,5500,"4,700-6,700",-4084.5386674456895,-74.26433940810344,5
,,สำนักงานคณะกรรมการอาหารและยา (อย.) ควบคุมอุณหภูมิ),25.992,53.699356294029,1395.7536687944018,7700,"7,700-7,700",-6304.246331205598,-81.87332897669609,1
,ห้องเย็นรักชัย (มหาชัย),M senko,68.557,53.699356294029,3681.4667694497466,6700,"6,400-7,000",-3018.5332305502534,-45.05273478433214,2
,,KONOIKE (โคโนอิเกะ),60.683,53.699356294029,3258.6380379905618,5600,"5,600-5,600",-2341.3619620094382,-41.81003503588283,1
,แพ็คฟู้ด,Havi (Bangna),65.392,53.699356294029,3511.5083067791443,5936,"5,936-5,936",-2424.4916932208557,-40.84386275641603,1
,โชคสมุทรมารีน,JPK (เจพีเค โคลด์ สโตเรจ),71.182,53.699356294029,3822.4275797215723,6500,"6,500-6,500",-2677.5724202784277,-41.19342185043735,1
,ไทยอกริฟู้ด,DC Makro Mahachai (แมคโครมหาชัย),82.8485,53.699356294029,4448.911119925861,6217.5,"5,995-6,440",-1768.5888800741386,-28.445337837943523,2
