band,n,median_price,p10,p90,median_km,median_baht_per_km,vehicle_class,method,base_fare,rate_per_km,drop_fee,r2
0-25,6313,2130.0,1250.0,3300.0,14.842,148.24478178368122,ALL,Own trips,2703.039208708946,22.49111420896112,-646.3526848488948,0.4382723436663668
25-50,3626,2708.0,1900.0,5324.5,36.706,76.43116102219471,ALL,Own trips,2703.039208708946,22.49111420896112,-646.3526848488948,0.4382723436663668
50-100,10097,4052.0,1273.0,7700.0,61.162,60.09249680520903,ALL,Own trips,2703.039208708946,22.49111420896112,-646.3526848488948,0.4382723436663668
100-200,9007,6048.0,2561.5,11583.0,131.529,47.28982856683482,ALL,Own trips,2703.039208708946,22.49111420896112,-646.3526848488948,0.4382723436663668
200-400,1929,8500.0,3194.0,17500.0,249.979,36.28741339048245,ALL,Own trips,2703.039208708946,22.49111420896112,-646.3526848488948,0.4382723436663668
400-800,382,8319.0,2355.75,18844.400000000052,643.223,12.321124141137574,ALL,Own trips,2703.039208708946,22.49111420896112,-646.3526848488948,0.4382723436663668
800-1500,264,14000.0,2500.0,36731.0,942.283,13.616888832692204,ALL,Own trips,2703.039208708946,22.49111420896112,-646.3526848488948,0.4382723436663668
0-25,1169,2130.0,1800.0,2130.0,21.212,100.41485951348294,10W dry,Own trips,1215.4825018879733,45.398849169407,-87.7495186255235,0.9967880287210283
25-50,33,3000.0,3000.0,3000.0,39.997,75.00562542190664,10W dry,Own trips,1215.4825018879733,45.398849169407,-87.7495186255235,0.9967880287210283
50-100,43,6700.0,3460.2000000000003,6700.0,81.712,80.16463662686353,10W dry,Own trips,1215.4825018879733,45.398849169407,-87.7495186255235,0.9967880287210283
100-200,296,7100.0,3750.0,7500.0,130.619,54.35656374646874,10W dry,Own trips,1215.4825018879733,45.398849169407,-87.7495186255235,0.9967880287210283
200-400,8,18302.0,18102.7,18393.0,384.287,47.86266514349952,10W dry,Own trips,1215.4825018879733,45.398849169407,-87.7495186255235,0.9967880287210283
0-25,4,2130.0,1899.0,2130.0,21.5905,98.68482972943025,10W dry NGV,Borrowed – few trips,2250.896832322326,18.72898386573178,-538.2360737505913,0.4382723436663668
25-50,10,3000.0,3000.0,3000.0,39.997,75.00562542190664,10W dry NGV,Borrowed – few trips,2250.896832322326,18.72898386573178,-538.2360737505913,0.4382723436663668
0-25,3684,2200.0,1250.0,3400.0,12.361,154.86311017821805,10W reefer,Own trips,2028.9239586597719,33.18406461871149,289.3396485479851,0.6823533953875904
25-50,1257,3800.0,2600.0,6500.0,29.918,127.54673916691841,10W reefer,Own trips,2028.9239586597719,33.18406461871149,289.3396485479851,0.6823533953875904
50-100,5126,4433.0,1200.0,6900.0,57.575,74.55686242027664,10W reefer,Own trips,2028.9239586597719,33.18406461871149,289.3396485479851,0.6823533953875904
100-200,3097,6048.0,4532.0,8050.0,129.928,47.79570223508405,10W reefer,Own trips,2028.9239586597719,33.18406461871149,289.3396485479851,0.6823533953875904
200-400,513,9578.0,8500.0,12866.0,266.188,40.88951122988716,10W reefer,Own trips,2028.9239586597719,33.18406461871149,289.3396485479851,0.6823533953875904
400-800,78,15200.0,1362.9,26650.0,575.385,34.98754835261255,10W reefer,Own trips,2028.9239586597719,33.18406461871149,289.3396485479851,0.6823533953875904
800-1500,16,28080.0,14000.0,44500.0,827.353,34.661103773468454,10W reefer,Own trips,2028.9239586597719,33.18406461871149,289.3396485479851,0.6823533953875904
25-50,16,3700.0,3700.0,10217.5,48.67,76.02219026094103,18W dry,Own trips,7067.90328683544,30.73348355012338,0.0,0.9592571780244914
50-100,614,8570.0,7500.0,9483.0,50.575,169.451309935739,18W dry,Own trips,7067.90328683544,30.73348355012338,0.0,0.9592571780244914
100-200,126,11160.0,2500.0,13905.0,140.198,76.84123418843835,18W dry,Own trips,7067.90328683544,30.73348355012338,0.0,0.9592571780244914
200-400,172,18762.0,17500.0,20932.58,384.287,48.82288497919524,18W dry,Own trips,7067.90328683544,30.73348355012338,0.0,0.9592571780244914
800-1500,9,35730.0,34916.6,43500.0,908.426,39.33176725456999,18W dry,Own trips,7067.90328683544,30.73348355012338,0.0,0.9592571780244914
50-100,5,7721.0,7721.0,8381.0,59.35,130.09267059814658,18W head,Borrowed – few trips,4324.471831074874,35.982530158190194,-1034.0708227845878,0.4382723436663668
100-200,14,9547.0,9547.0,9737.0,150.421,63.46853165448974,18W head,Borrowed – few trips,4324.471831074874,35.982530158190194,-1034.0708227845878,0.4382723436663668
200-400,1,12589.0,12589.0,12589.0,291.168,43.236207275524784,18W head,Borrowed – few trips,4324.471831074874,35.982530158190194,-1034.0708227845878,0.4382723436663668
25-50,4,7540.0,7438.5,7540.0,41.2565,182.09125834312505,18W reefer,Own trips,7439.853835880463,28.145904505547605,0.0,0.7311563645912916
50-100,156,8961.0,8570.0,9092.0,50.575,177.1824023727138,18W reefer,Own trips,7439.853835880463,28.145904505547605,0.0,0.7311563645912916
100-200,261,11700.0,10079.0,12402.0,149.271,81.42738267395923,18W reefer,Own trips,7439.853835880463,28.145904505547605,0.0,0.7311563645912916
200-400,1,23213.0,23213.0,23213.0,288.48400000000004,80.46546775557742,18W reefer,Own trips,7439.853835880463,28.145904505547605,0.0,0.7311563645912916
0-25,6,6622.5,4793.5,7800.0,12.945,602.5492468134414,22W dry,Own trips,8165.611196365036,25.66113708419931,-1264.5383801662686,0.4742410262500326
50-100,20,11500.0,10500.0,12650.0,66.665,172.50431260781517,22W dry,Own trips,8165.611196365036,25.66113708419931,-1264.5383801662686,0.4742410262500326
100-200,719,11583.0,11433.0,12753.0,149.271,77.5971220129831,22W dry,Own trips,8165.611196365036,25.66113708419931,-1264.5383801662686,0.4742410262500326
400-800,2,23385.0,23385.0,23385.0,493.15,47.41964919395721,22W dry,Own trips,8165.611196365036,25.66113708419931,-1264.5383801662686,0.4742410262500326
0-25,73,7020.0,6630.0,9300.0,15.635,448.9926447073873,22W head,Own trips,6852.703056068138,21.83802681857419,-2037.8203235556668,0.5776754671655635
25-50,42,8300.0,5800.0,9440.0,39.306,201.68354484467804,22W head,Own trips,6852.703056068138,21.83802681857419,-2037.8203235556668,0.5776754671655635
50-100,483,7200.0,5800.0,9780.000000000002,79.431,95.6752370687045,22W head,Own trips,6852.703056068138,21.83802681857419,-2037.8203235556668,0.5776754671655635
100-200,1270,7700.0,6200.0,10600.0,136.882,57.54567688102432,22W head,Own trips,6852.703056068138,21.83802681857419,-2037.8203235556668,0.5776754671655635
200-400,511,12480.0,6200.0,16700.0,234.241,49.2676087279588,22W head,Own trips,6852.703056068138,21.83802681857419,-2037.8203235556668,0.5776754671655635
400-800,7,6500.0,4209.4400000000005,19220.000000000004,464.023,14.00792633123789,22W head,Own trips,6852.703056068138,21.83802681857419,-2037.8203235556668,0.5776754671655635
800-1500,22,7400.0,1936.5,7500.0,860.469,8.043115404654845,22W head,Own trips,6852.703056068138,21.83802681857419,-2037.8203235556668,0.5776754671655635
25-50,1,1341.0,1341.0,1341.0,38.801,34.56096492358444,22W reefer,Own trips,7386.715035215311,32.842418173978245,0.0,0.9973128584992144
100-200,77,12285.0,11800.0,12285.0,149.271,82.29997789255783,22W reefer,Own trips,7386.715035215311,32.842418173978245,0.0,0.9973128584992144
800-1500,32,36731.0,29011.6,37835.0,908.426,40.43367318857012,22W reefer,Own trips,7386.715035215311,32.842418173978245,0.0,0.9973128584992144
0-25,5,1500.0,1159.2,2120.0,12.587,123.14292524032733,4W dry,Own trips,1846.8841823251846,9.961789196478712,41.53794054981367,0.9779436733847268
25-50,69,2025.0,2025.0,2085.000000000001,25.174,80.4401366489235,4W dry,Own trips,1846.8841823251846,9.961789196478712,41.53794054981367,0.9779436733847268
50-100,187,2800.0,2800.0,2940.000000000002,84.045,33.31548575168065,4W dry,Own trips,1846.8841823251846,9.961789196478712,41.53794054981367,0.9779436733847268
100-200,27,3000.0,1558.2,3370.8,181.606,16.492355184492876,4W dry,Own trips,1846.8841823251846,9.961789196478712,41.53794054981367,0.9779436733847268
200-400,60,3787.0,3537.9,4623.54,225.047,16.174399125516004,4W dry,Own trips,1846.8841823251846,9.961789196478712,41.53794054981367,0.9779436733847268
400-800,83,8684.29,7387.0,12399.999999999998,716.209,12.327407223310516,4W dry,Own trips,1846.8841823251846,9.961789196478712,41.53794054981367,0.9779436733847268
800-1500,12,14420.0,12050.0,17000.0,977.956,14.025395497672971,4W dry,Own trips,1846.8841823251846,9.961789196478712,41.53794054981367,0.9779436733847268
0-25,1109,1800.0,763.0,2104.800000000001,20.612,89.94760333786145,4W reefer,Own trips,1986.9032777605714,6.935876360132049,102.11194593210398,0.5790316423721822
25-50,1881,2354.0,1800.0,2900.0,39.561,57.719647426784185,4W reefer,Own trips,1986.9032777605714,6.935876360132049,102.11194593210398,0.5790316423721822
50-100,2865,2568.0,1962.0,3168.0,62.367,39.70171925706,4W reefer,Own trips,1986.9032777605714,6.935876360132049,102.11194593210398,0.5790316423721822
100-200,2158,3193.0,700.0,4100.0,122.115,25.609166184518784,4W reefer,Own trips,1986.9032777605714,6.935876360132049,102.11194593210398,0.5790316423721822
200-400,526,3604.0,1908.0,4617.5,242.899,15.193970499838164,4W reefer,Own trips,1986.9032777605714,6.935876360132049,102.11194593210398,0.5790316423721822
400-800,180,6300.0,2348.0,11000.0,663.169,8.604547197772813,4W reefer,Own trips,1986.9032777605714,6.935876360132049,102.11194593210398,0.5790316423721822
800-1500,147,5000.0,2500.0,14500.0,988.759,4.863174583104359,4W reefer,Own trips,1986.9032777605714,6.935876360132049,102.11194593210398,0.5790316423721822
0-25,13,1950.0,1500.0,1950.0,14.242,136.91897205448672,6W dry,Own trips,2816.089508345625,19.728482926919483,-725.9874499924186,0.9001484052628843
25-50,9,2500.0,2500.0,2500.0,39.932,62.60643093258539,6W dry,Own trips,2816.089508345625,19.728482926919483,-725.9874499924186,0.9001484052628843
50-100,14,5650.0,2385.0,6700.0,80.1055,76.10191564737764,6W dry,Own trips,2816.089508345625,19.728482926919483,-725.9874499924186,0.9001484052628843
100-200,8,7300.0,6000.0,7920.0,126.4905,58.33625014584062,6W dry,Own trips,2816.089508345625,19.728482926919483,-725.9874499924186,0.9001484052628843
400-800,9,15444.0,4160.0,19055.2,722.286,21.382111795050715,6W dry,Own trips,2816.089508345625,19.728482926919483,-725.9874499924186,0.9001484052628843
800-1500,3,38484.0,27568.8,39607.2,942.142,40.44123610998459,6W dry,Own trips,2816.089508345625,19.728482926919483,-725.9874499924186,0.9001484052628843
25-50,1,6500.0,6500.0,6500.0,49.482,131.36089891273593,6W dry trailer,Borrowed – few trips,2683.6537573132655,22.3298141434912,-641.7172217315875,0.4382723436663668
50-100,1,8250.0,8250.0,8250.0,60.775,135.74660633484163,6W dry trailer,Borrowed – few trips,2683.6537573132655,22.3298141434912,-641.7172217315875,0.4382723436663668
400-800,5,900.0,900.0,900.0,536.561,1.6773488941611483,6W dry trailer,Borrowed – few trips,2683.6537573132655,22.3298141434912,-641.7172217315875,0.4382723436663668
800-1500,4,31508.0,25000.0,39654.0,999.4649999999999,31.737765360876384,6W dry trailer,Borrowed – few trips,2683.6537573132655,22.3298141434912,-641.7172217315875,0.4382723436663668
0-25,250,3500.0,2000.0,6000.0,15.146,257.32298323111894,6W reefer,Own trips,3771.3955464510836,17.372954821814044,156.68807386482317,0.49133957829883945
25-50,303,4500.0,3737.0,5903.2,29.985,130.79873269968317,6W reefer,Own trips,3771.3955464510836,17.372954821814044,156.68807386482317,0.49133957829883945
50-100,583,5500.0,4400.0,7000.0,76.652,75.98216287586258,6W reefer,Own trips,3771.3955464510836,17.372954821814044,156.68807386482317,0.49133957829883945
100-200,954,5192.0,4532.0,7260.200000000004,101.818,47.80714537728758,6W reefer,Own trips,3771.3955464510836,17.372954821814044,156.68807386482317,0.49133957829883945
200-400,137,6718.0,4944.0,9735.600000000002,234.072,26.356674304008035,6W reefer,Own trips,3771.3955464510836,17.372954821814044,156.68807386482317,0.49133957829883945
400-800,18,17000.0,6517.6,23050.0,591.1025,30.8282825099955,6W reefer,Own trips,3771.3955464510836,17.372954821814044,156.68807386482317,0.49133957829883945
800-1500,19,25500.0,21420.0,36000.0,915.502,30.938266632048162,6W reefer,Own trips,3771.3955464510836,17.372954821814044,156.68807386482317,0.49133957829883945
